run,F0_N,Fmax_N,delta_F_N,A_mm2,Wz_mm3,Wy_mm3,epsilon_max,epsilon_F,epsilon_M1,epsilon_M2,E_calc_MPa,E_used_MPa,sigma_max_MPa,eccentricity_e1_mm,eccentricity_e2_mm,eccentricity_e_mm
1,2000,12000,10000,192,256,768,0.000821,0.000253,0.000568,,205862.9776,205862.9776,169.0135046,2.993412385,,2.993412385
2,2000,12000,10000,192,256,768,0.000823,0.000252,0.00057,,206679.8942,206679.8942,170.0975529,3.015873016,,3.015873016
3,2000,12000,10000,192,256,768,0.000819,0.0002535,0.000567,,205456.9362,205456.9362,168.2692308,2.982248521,,2.982248521
4,2000,12000,10000,192,256,768,0.000822,0.0002525,0.000569,,206270.6271,206270.6271,169.5544554,3.004620462,,3.004620462
